<?xml version="1.0"?>
<opencv_storage>
<stage0>
  <maxWeakCount>3</maxWeakCount>
  <stageThreshold>-5.2340525388717651e-01</stageThreshold>
  <weakClassifiers>
    <_>
      <internalNodes>
        0 -1 2915132 2.1813750267028809e-02</internalNodes>
      <leafValues>
        -4.1052630543708801e-01 9.2207789421081543e-01</leafValues></_>
    <_>
      <internalNodes>
        0 -1 242406 -7.7687129378318787e-03</internalNodes>
      <leafValues>
        6.6585600376129150e-01 -7.2491949796676636e-01</leafValues></_>
    <_>
      <internalNodes>
        0 -1 402318 -1.4030307065695524e-03</internalNodes>
      <leafValues>
        6.1204057931900024e-01 -5.9605938196182251e-01</leafValues></_></weakClassifiers></stage0>
</opencv_storage>
