<?xml version="1.0"?>
<opencv_storage>
<stage3>
  <maxWeakCount>3</maxWeakCount>
  <stageThreshold>-1.9867601990699768e-01</stageThreshold>
  <weakClassifiers>
    <_>
      <internalNodes>
        0 -1 3734 -1.2471081689000130e-02</internalNodes>
      <leafValues>
        5.8620691299438477e-01 -6.4285713434219360e-01</leafValues></_>
    <_>
      <internalNodes>
        0 -1 2124817 -2.6001516729593277e-02</internalNodes>
      <leafValues>
        9.0859907865524292e-01 -4.2532718181610107e-01</leafValues></_>
    <_>
      <internalNodes>
        0 -1 4575 -9.2568337917327881e-02</internalNodes>
      <leafValues>
        8.6950832605361938e-01 -2.6810434460639954e-01</leafValues></_></weakClassifiers></stage3>
</opencv_storage>
