<?xml version="1.0"?>
<opencv_storage>
<cascade>
  <stageType>BOOST</stageType>
  <featureType>HAAR</featureType>
  <height>50</height>
  <width>50</width>
  <stageParams>
    <boostType>GAB</boostType>
    <minHitRate>9.9500000476837158e-01</minHitRate>
    <maxFalseAlarm>5.0000000000000000e-01</maxFalseAlarm>
    <weightTrimRate>9.4999998807907104e-01</weightTrimRate>
    <maxDepth>1</maxDepth>
    <maxWeakCount>100</maxWeakCount></stageParams>
  <featureParams>
    <maxCatCount>0</maxCatCount>
    <featSize>1</featSize>
    <mode>BASIC</mode></featureParams>
  <stageNum>10</stageNum>
  <stages>
    <!-- stage 0 -->
    <_>
      <maxWeakCount>2</maxWeakCount>
      <stageThreshold>-2.3061744868755341e-02</stageThreshold>
      <weakClassifiers>
        <_>
          <internalNodes>
            0 -1 3 -3.2705128192901611e-02</internalNodes>
          <leafValues>
            1. -8.4210526943206787e-01</leafValues></_>
        <_>
          <internalNodes>
            0 -1 1 -4.4706471264362335e-02</internalNodes>
          <leafValues>
            8.1904351711273193e-01 -9.0014702081680298e-01</leafValues></_></weakClassifiers></_>
    <!-- stage 1 -->
    <_>
      <maxWeakCount>2</maxWeakCount>
      <stageThreshold>-3.2224026322364807e-01</stageThreshold>
      <weakClassifiers>
        <_>
          <internalNodes>
            0 -1 9 7.7067099511623383e-02</internalNodes>
          <leafValues>
            -8.7692308425903320e-01 5.0000000000000000e-01</leafValues></_>
        <_>
          <internalNodes>
            0 -1 7 1.6328945755958557e-02</internalNodes>
          <leafValues>
            -8.2224029302597046e-01 7.6943629980087280e-01</leafValues></_></weakClassifiers></_>
    <!-- stage 2 -->
    <_>
      <maxWeakCount>2</maxWeakCount>
      <stageThreshold>-2.3646597564220428e-01</stageThreshold>
      <weakClassifiers>
        <_>
          <internalNodes>
            0 -1 12 1.6609609127044678e-02</internalNodes>
          <leafValues>
            -8.9189189672470093e-01 1.</leafValues></_>
        <_>
          <internalNodes>
            0 -1 13 9.2190429568290710e-03</internalNodes>
          <leafValues>
            -1. 6.5542590618133545e-01</leafValues></_></weakClassifiers></_>
    <!-- stage 3 -->
    <_>
      <maxWeakCount>1</maxWeakCount>
      <stageThreshold>7.7142858505249023e-01</stageThreshold>
      <weakClassifiers>
        <_>
          <internalNodes>
            0 -1 14 5.3750541155750398e-06</internalNodes>
          <leafValues>
            7.7142858505249023e-01 -1.</leafValues></_></weakClassifiers></_>
    <!-- stage 4 -->
    <_>
      <maxWeakCount>2</maxWeakCount>
      <stageThreshold>-4.8612121492624283e-02</stageThreshold>
      <weakClassifiers>
        <_>
          <internalNodes>
            0 -1 8 -3.0730124562978745e-02</internalNodes>
          <leafValues>
            7.5000000000000000e-01 -9.1304349899291992e-01</leafValues></_>
        <_>
          <internalNodes>
            0 -1 4 2.8503648936748505e-03</internalNodes>
          <leafValues>
            -7.9861211776733398e-01 8.6716961860656738e-01</leafValues></_></weakClassifiers></_>
    <!-- stage 5 -->
    <_>
      <maxWeakCount>2</maxWeakCount>
      <stageThreshold>-1.8567371368408203e-01</stageThreshold>
      <weakClassifiers>
        <_>
          <internalNodes>
            0 -1 6 -7.1494374424219131e-05</internalNodes>
          <leafValues>
            -9.6825397014617920e-01 5.7894736528396606e-01</leafValues></_>
        <_>
          <internalNodes>
            0 -1 2 3.2477546483278275e-02</internalNodes>
          <leafValues>
            -7.6462107896804810e-01 1.</leafValues></_></weakClassifiers></_>
    <!-- stage 6 -->
    <_>
      <maxWeakCount>1</maxWeakCount>
      <stageThreshold>7.7142858505249023e-01</stageThreshold>
      <weakClassifiers>
        <_>
          <internalNodes>
            0 -1 15 -1.0245735757052898e-04</internalNodes>
          <leafValues>
            -1. 7.7142858505249023e-01</leafValues></_></weakClassifiers></_>
    <!-- stage 7 -->
    <_>
      <maxWeakCount>1</maxWeakCount>
      <stageThreshold>1.</stageThreshold>
      <weakClassifiers>
        <_>
          <internalNodes>
            0 -1 0 1.6500681638717651e-02</internalNodes>
          <leafValues>
            1. -1.</leafValues></_></weakClassifiers></_>
    <!-- stage 8 -->
    <_>
      <maxWeakCount>2</maxWeakCount>
      <stageThreshold>-2.0636449754238129e-01</stageThreshold>
      <weakClassifiers>
        <_>
          <internalNodes>
            0 -1 10 -4.4343341141939163e-04</internalNodes>
          <leafValues>
            -9.7014927864074707e-01 7.6470589637756348e-01</leafValues></_>
        <_>
          <internalNodes>
            0 -1 11 7.3932082159444690e-05</internalNodes>
          <leafValues>
            7.8980487585067749e-01 -9.7107040882110596e-01</leafValues></_></weakClassifiers></_>
    <!-- stage 9 -->
    <_>
      <maxWeakCount>1</maxWeakCount>
      <stageThreshold>1.</stageThreshold>
      <weakClassifiers>
        <_>
          <internalNodes>
            0 -1 5 1.4681598258903250e-05</internalNodes>
          <leafValues>
            1. -1.</leafValues></_></weakClassifiers></_></stages>
  <features>
    <_>
      <rects>
        <_>
          0 2 7 48 -1.</_>
        <_>
          0 26 7 24 2.</_></rects>
      <tilted>0</tilted></_>
    <_>
      <rects>
        <_>
          0 9 12 41 -1.</_>
        <_>
          6 9 6 41 2.</_></rects>
      <tilted>0</tilted></_>
    <_>
      <rects>
        <_>
          0 40 37 10 -1.</_>
        <_>
          0 45 37 5 2.</_></rects>
      <tilted>0</tilted></_>
    <_>
      <rects>
        <_>
          1 16 14 14 -1.</_>
        <_>
          8 16 7 14 2.</_></rects>
      <tilted>0</tilted></_>
    <_>
      <rects>
        <_>
          1 44 16 6 -1.</_>
        <_>
          1 47 16 3 2.</_></rects>
      <tilted>0</tilted></_>
    <_>
      <rects>
        <_>
          2 3 6 4 -1.</_>
        <_>
          2 3 3 2 2.</_>
        <_>
          5 5 3 2 2.</_></rects>
      <tilted>0</tilted></_>
    <_>
      <rects>
        <_>
          17 47 12 3 -1.</_>
        <_>
          23 47 6 3 2.</_></rects>
      <tilted>0</tilted></_>
    <_>
      <rects>
        <_>
          18 24 32 3 -1.</_>
        <_>
          34 24 16 3 2.</_></rects>
      <tilted>0</tilted></_>
    <_>
      <rects>
        <_>
          20 2 4 48 -1.</_>
        <_>
          20 18 4 16 3.</_></rects>
      <tilted>0</tilted></_>
    <_>
      <rects>
        <_>
          20 32 29 18 -1.</_>
        <_>
          20 41 29 9 2.</_></rects>
      <tilted>0</tilted></_>
    <_>
      <rects>
        <_>
          24 43 8 5 -1.</_>
        <_>
          28 43 4 5 2.</_></rects>
      <tilted>0</tilted></_>
    <_>
      <rects>
        <_>
          34 0 15 1 -1.</_>
        <_>
          39 0 5 1 3.</_></rects>
      <tilted>0</tilted></_>
    <_>
      <rects>
        <_>
          40 18 10 23 -1.</_>
        <_>
          45 18 5 23 2.</_></rects>
      <tilted>0</tilted></_>
    <_>
      <rects>
        <_>
          40 19 10 23 -1.</_>
        <_>
          45 19 5 23 2.</_></rects>
      <tilted>0</tilted></_>
    <_>
      <rects>
        <_>
          46 6 2 4 -1.</_>
        <_>
          46 8 2 2 2.</_></rects>
      <tilted>0</tilted></_>
    <_>
      <rects>
        <_>
          48 36 1 14 -1.</_>
        <_>
          48 43 1 7 2.</_></rects>
      <tilted>0</tilted></_></features></cascade>
</opencv_storage>
