<?xml version="1.0"?>
<opencv_storage>
<stage5>
  <maxWeakCount>2</maxWeakCount>
  <stageThreshold>-1.8567371368408203e-01</stageThreshold>
  <weakClassifiers>
    <_>
      <internalNodes>
        0 -1 1782335 -7.1494374424219131e-05</internalNodes>
      <leafValues>
        -9.6825397014617920e-01 5.7894736528396606e-01</leafValues></_>
    <_>
      <internalNodes>
        0 -1 115500 3.2477546483278275e-02</internalNodes>
      <leafValues>
        -7.6462107896804810e-01 1.</leafValues></_></weakClassifiers></stage5>
</opencv_storage>
