<?xml version="1.0"?>
<opencv_storage>
<stage8>
  <maxWeakCount>2</maxWeakCount>
  <stageThreshold>-2.0636449754238129e-01</stageThreshold>
  <weakClassifiers>
    <_>
      <internalNodes>
        0 -1 2263994 -4.4343341141939163e-04</internalNodes>
      <leafValues>
        -9.7014927864074707e-01 7.6470589637756348e-01</leafValues></_>
    <_>
      <internalNodes>
        0 -1 2712353 7.3932082159444690e-05</internalNodes>
      <leafValues>
        7.8980487585067749e-01 -9.7107040882110596e-01</leafValues></_></weakClassifiers></stage8>
</opencv_storage>
