<?xml version="1.0"?>
<opencv_storage>
<stage2>
  <maxWeakCount>2</maxWeakCount>
  <stageThreshold>-2.3646597564220428e-01</stageThreshold>
  <weakClassifiers>
    <_>
      <internalNodes>
        0 -1 2915732 1.6609609127044678e-02</internalNodes>
      <leafValues>
        -8.9189189672470093e-01 1.</leafValues></_>
    <_>
      <internalNodes>
        0 -1 2916311 9.2190429568290710e-03</internalNodes>
      <leafValues>
        -1. 6.5542590618133545e-01</leafValues></_></weakClassifiers></stage2>
</opencv_storage>
